PassengerId,Survived,Pclass,Name,Sex,Age,SibSp,Parch,Ticket,Fare,Cabin,Embarked
1,1,2,"Harris, Miss. Mary",female,60.2,0,0,466435,26.092,,S
2,0,3,"Johnson, Mrs. Edith",female,21.5,0,5,506574,10.2229,,C
3,0,3,"Martin, Mr. John",male,40.4,0,0,535418,19.1557,,S
4,0,3,"Taylor, Miss. Anna",female,34.2,0,0,658581,9.2335,C35,S
5,1,1,"Jackson, Mr. Henry",male,48.2,3,0,548359,102.5389,,S
6,0,1,"Moore, Mr. Henry",male,,1,0,881949,66.8983,,S
7,1,1,"Jackson, Miss. Dorothy",female,30.4,4,0,382384,33.4007,,S
8,0,3,"Brown, Mr. John",male,19.5,0,2,536406,5.6767,F105,S
9,1,3,"Williams, Mr. James",male,36.4,3,0,666023,22.4936,A102,S
10,0,3,"Harris, Mr. Henry",male,20.5,0,0,72408,12.9715,F9,S
11,0,1,"White, Mr. Charles",male,58.2,0,0,61786,91.4804,G77,S
12,1,3,"Lewis, Mr. Henry",male,31.9,0,5,615559,4.8384,E109,S
13,0,3,"Jackson, Mr. John",male,24.9,0,0,29158,11.4142,,S
14,1,1,"Williams, Mr. James",male,32.6,1,0,827519,34.1003,,Q
15,1,1,"White, Miss. Edith",female,11.1,0,1,98114,245.7632,,S
16,1,1,"Thompson, Mrs. Florence",female,16.4,0,0,718481,56.7828,,S
17,0,2,"Anderson, Mr. Thomas",male,46.8,1,0,531358,55.0878,,S
18,0,3,"Clark, Mr. John",male,,0,0,554162,11.1096,B42,C
19,0,2,"Jackson, Mr. Edward",male,15.3,0,1,249139,18.2844,,S
20,1,2,"Brown, Mr. George",male,37.5,0,0,879875,28.813,,C
21,1,3,"Thompson, Mr. John",male,46.6,1,2,575109,5.5369,,S
22,0,1,"Jackson, Mr. Albert",male,40.1,1,0,649963,48.7302,,Q
23,0,2,"Smith, Mr. Albert",male,43.9,0,0,332726,17.9353,,C
24,0,2,"Robinson, Mr. Albert",male,19.4,0,0,132603,13.6828,,C
25,0,3,"Taylor, Mr. Robert",male,10.1,0,0,950291,7.1493,,S
26,0,3,"Johnson, Mr. Robert",male,51.0,1,1,992207,4.7963,,S
27,1,1,"Smith, Miss. Mary",female,,0,0,424921,84.6308,,S
28,1,3,"Davis, Miss. Dorothy",female,26.5,0,0,603669,6.6979,,S
29,0,3,"Jones, Mr. John",male,48.6,0,0,908232,8.4105,,C
30,0,1,"Thomas, Mrs. Anna",female,,0,6,507821,65.7653,,S
31,0,3,"Lewis, Mr. Robert",male,36.4,0,0,402949,4.2001,,S
32,1,1,"Thomas, Mrs. Elizabeth",female,60.3,1,3,185725,34.8056,,S
33,1,1,"Harris, Mrs. Margaret",female,21.0,0,0,878450,96.659,,S
34,0,3,"Robinson, Mr. James",male,,0,0,897024,6.6082,,S
35,0,3,"Taylor, Mr. Robert",male,30.8,1,0,888058,4.5087,,C
36,1,3,"Wilson, Mr. William",male,33.8,1,0,620505,5.4187,C41,S
37,1,2,"Miller, Mr. Henry",male,51.4,0,0,788873,32.1415,,S
38,0,1,"White, Mr. Edward",male,37.1,0,0,959756,155.793,,S
39,0,3,"Taylor, Mr. Albert",male,37.5,0,3,476548,6.3004,,S
40,0,2,"Taylor, Mr. George",male,,3,2,344943,27.2411,E13,S
41,1,1,"White, Mrs. Mary",female,24.9,0,1,334329,42.8282,,S
42,1,3,"Jackson, Mrs. Emma",female,18.3,3,0,481529,10.7967,A21,S
43,0,1,"Harris, Mr. Robert",male,15.4,1,0,313682,175.2284,B107,C
44,0,3,"Anderson, Mr. Robert",male,2.5,0,0,816775,7.6156,,C
45,0,2,"Martin, Mr. James",male,58.8,0,1,508905,20.6538,E27,S
46,0,3,"Lewis, Mr. Henry",male,14.6,0,3,221470,12.8599,F67,Q
47,1,2,"Harris, Mrs. Mary",female,26.9,0,0,444448,37.9969,,C
48,0,3,"Miller, Mr. Albert",male,26.1,0,0,130026,5.5459,,C
49,0,3,"Johnson, Mr. Edward",male,34.3,1,0,244257,11.2729,,S
50,1,1,"White, Mr. Thomas",male,41.4,4,0,63106,77.4425,,Q
51,0,3,"Jones, Mr. Charles",male,42.0,0,0,910754,8.7347,,C
52,1,3,"Moore, Miss. Emma",female,21.8,1,0,91227,6.3458,,C
53,1,3,"White, Mrs. Alice",female,27.7,0,1,456295,17.9499,,S
54,0,3,"Thompson, Mr. George",male,34.0,0,0,690388,9.3127,,C
55,0,3,"Martin, Mr. Albert",male,,0,0,576423,10.2717,,Q
56,0,3,"Jackson, Mr. John",male,52.5,1,6,696426,6.908,F75,S
57,1,1,"Williams, Mrs. Dorothy",female,36.9,3,0,653887,33.5215,,S
58,1,1,"Thomas, Miss. Dorothy",female,40.3,1,0,764077,83.1746,F67,Q
59,0,1,"Taylor, Mr. Albert",male,39.3,0,0,93470,140.0856,,S
60,0,2,"Jackson, Mr. Edward",male,46.4,0,0,817342,37.6409,,S
61,1,2,"Robinson, Miss. Margaret",female,32.5,0,0,778378,22.1324,,S
62,0,2,"Anderson, Mr. Charles",male,11.8,0,2,148213,44.7855,,Q
63,1,3,"Wilson, Mrs. Mary",female,35.6,1,0,55950,8.2998,,S
64,0,2,"Taylor, Mr. James",male,20.9,1,0,721083,10.1371,,S
65,0,2,"Davis, Mr. Charles",male,22.6,1,1,288369,11.1761,,S
66,0,3,"Harris, Mr. Thomas",male,,0,0,503466,4.8484,,C
67,0,1,"Miller, Mr. Albert",male,47.3,0,2,305103,49.2299,,S
68,0,3,"Thompson, Mr. Henry",male,30.3,0,2,845624,12.7188,,C
69,1,1,"Johnson, Miss. Emma",female,34.3,0,0,89711,109.7333,,Q
70,0,3,"White, Mr. Thomas",male,,0,1,151123,6.6975,,S
71,0,3,"Williams, Mr. John",male,33.4,1,0,212500,8.931,,S
72,0,1,"Robinson, Mr. Charles",male,,1,5,789572,111.2143,,S
73,1,1,"Thomas, Mr. Albert",male,37.9,0,0,275593,97.4784,,S
74,0,3,"Williams, Mr. William",male,5.3,0,5,968599,4.1865,,S
75,1,3,"Jones, Mr. Thomas",male,40.5,0,1,376357,22.1645,C102,Q
76,0,3,"Thomas, Mrs. Emma",female,35.3,0,0,694550,5.8929,,C
77,0,3,"Martin, Mr. Charles",male,48.1,1,0,634533,6.0653,,S
78,0,1,"Wilson, Mr. George",male,39.4,0,6,107069,97.657,B110,S
79,0,2,"Taylor, Mr. John",male,28.1,0,2,691501,12.3399,,S
80,1,1,"Brown, Mrs. Anna",female,12.9,0,0,243597,227.3782,C72,S
81,0,3,"Brown, Miss. Elizabeth",female,,2,1,558196,4.6249,G123,S
82,1,3,"Anderson, Miss. Ethel",female,18.1,0,0,376991,5.1528,,C
83,0,2,"Brown, Mr. Edward",male,21.9,0,0,917342,23.2158,,Q
84,0,1,"Martin, Mr. Edward",male,38.2,0,0,788628,130.551,,S
85,0,2,"Miller, Mr. Charles",male,,1,0,959826,31.4698,C21,C
86,0,2,"Lewis, Mr. Charles",male,35.5,3,2,978214,28.7248,,S
87,0,3,"Thompson, Mr. William",male,13.3,0,0,810444,6.3659,,C
88,0,3,"Jones, Mr. Charles",male,36.2,2,2,962393,12.4175,,S
89,0,3,"Clark, Mr. Edward",male,,3,0,27412,4.9889,,S
90,0,3,"Thompson, Mr. Henry",male,21.5,2,0,382174,10.15,,Q
91,1,1,"Jackson, Mrs. Alice",female,,1,0,821089,112.5855,,S
92,0,3,"Thompson, Mr. George",male,30.2,1,0,277800,6.4944,,C
93,0,3,"Wilson, Mr. John",male,19.0,0,0,150039,11.4108,,S
94,0,3,"Wilson, Miss. Mary",female,39.1,1,0,488174,20.4043,,S
95,0,3,"Harris, Mr. William",male,28.3,0,0,418980,58.5338,D130,S
96,1,3,"Jones, Miss. Alice",female,35.9,1,0,812305,11.4871,B7,S
97,0,3,"White, Mr. Henry",male,17.6,0,0,628773,8.1496,,S
98,0,2,"Davis, Mr. John",male,23.9,1,0,905815,22.3187,,S
99,1,1,"Clark, Mrs. Anna",female,40.1,1,2,454246,40.9275,,S
100,1,1,"Jackson, Mrs. Anna",female,24.8,0,3,208879,104.7336,,S
101,1,1,"Anderson, Mrs. Margaret",female,54.2,1,0,535895,41.6071,A63,S
102,0,3,"Wilson, Mr. Charles",male,,0,0,160595,23.61,,S
103,0,2,"Thomas, Mr. Charles",male,33.1,1,0,582735,11.2264,,Q
104,0,3,"Harris, Mr. Thomas",male,,0,4,59757,7.7401,B82,S
105,0,3,"Brown, Mr. William",male,10.1,0,0,794402,7.87,D59,S
106,1,2,"Johnson, Mrs. Edith",female,5.3,2,0,260495,28.4037,,S
107,1,2,"Moore, Mr. Edward",male,8.6,0,0,758886,47.8931,,S
108,1,3,"Harris, Miss. Ethel",female,47.7,1,0,865633,11.6188,,S
109,0,1,"Clark, Mr. William",male,22.3,0,0,400909,175.6788,,S
110,1,1,"Clark, Mr. Robert",male,65.8,0,1,222916,39.5126,,S
111,0,2,"White, Mr. John",male,22.1,0,0,998892,42.0191,G145,S
112,1,1,"Clark, Mrs. Mary",female,32.6,0,0,801894,45.9067,,C
113,0,3,"Moore, Miss. Anna",female,,0,0,388976,9.7518,,S
114,0,3,"Jones, Mrs. Margaret",female,58.1,0,0,172867,8.0633,,S
115,1,3,"Lewis, Miss. Emma",female,58.9,0,3,735166,9.5,,S
116,0,3,"Jackson, Mrs. Elizabeth",female,46.9,0,0,320609,12.8069,,C
117,0,3,"Lewis, Mrs. Anna",female,44.3,4,2,464325,4.1028,,S
118,1,1,"Williams, Mr. George",male,38.3,3,0,100027,65.6494,,S
119,0,3,"Miller, Mr. George",male,,0,0,60528,8.7354,,S
120,0,3,"Williams, Mr. William",male,22.3,1,4,308374,7.3602,,S
121,1,3,"Lewis, Miss. Edith",female,18.5,0,0,58242,5.1903,,
122,0,3,"Smith, Mrs. Anna",female,30.0,1,2,469099,8.6309,D62,C
123,0,2,"Martin, Mr. John",male,27.6,1,0,124688,17.2681,,S
124,1,1,"Lewis, Miss. Alice",female,23.7,3,2,501582,79.8886,,S
125,1,1,"White, Mrs. Mary",female,,0,0,536071,47.447,,S
126,0,2,"Harris, Mr. Albert",male,43.4,1,0,38390,14.7683,B41,S
127,0,3,"Clark, Mr. William",male,31.2,0,1,673777,30.0397,,S
128,1,3,"Davis, Mrs. Dorothy",female,,5,3,82102,11.3159,,S
129,0,1,"Thompson, Mr. Edward",male,14.0,0,3,289570,36.5538,,S
130,1,3,"Taylor, Miss. Florence",female,27.3,1,2,40750,4.9265,,S
131,0,2,"Robinson, Mr. George",male,20.0,1,2,592476,21.4368,,S
132,1,1,"Miller, Mrs. Elizabeth",female,3.9,1,0,283016,41.0894,E28,S
133,1,1,"Anderson, Miss. Florence",female,,0,0,628519,237.1374,,S
134,1,2,"Jones, Mrs. Florence",female,28.3,3,0,402004,34.6843,,S
135,0,3,"Martin, Mr. Robert",male,,0,0,713446,4.6526,,S
136,1,2,"Clark, Miss. Emma",female,38.8,1,0,601058,11.8622,,S
137,0,3,"Moore, Miss. Anna",female,,0,0,241360,19.1939,,S
138,1,3,"Davis, Mr. John",male,56.0,0,0,235440,5.9147,,S
139,1,2,"Moore, Miss. Anna",female,47.1,0,1,920590,51.3673,,Q
140,1,3,"Clark, Mr. George",male,38.1,0,0,879946,10.2624,,C
141,0,3,"Harris, Mr. John",male,26.8,0,0,753537,18.313,,S
142,0,2,"Williams, Mr. Henry",male,16.6,0,0,102663,31.6649,,C
143,0,3,"Taylor, Mr. James",male,24.8,0,1,700080,5.1121,,C
144,0,2,"Miller, Mr. William",male,45.2,1,1,683439,10.5553,E111,S
145,1,2,"Lewis, Mrs. Elizabeth",female,56.4,2,0,944842,11.6112,,C
146,0,1,"Robinson, Mr. Henry",male,51.6,0,0,668651,38.3778,,S
147,0,3,"Williams, Miss. Edith",female,23.2,0,0,215156,7.1674,,S
148,0,3,"Davis, Mr. John",male,14.3,0,0,122808,11.4652,E34,S
149,0,1,"Miller, Mr. Albert",male,32.0,0,0,120091,36.1625,C70,S
150,0,2,"Brown, Mr. Albert",male,5.2,1,0,895704,29.3903,B74,S
151,0,3,"Jackson, Mrs. Dorothy",female,34.5,1,0,583681,47.2003,,S
152,0,1,"Clark, Mr. James",male,,0,0,627846,133.3803,,Q
153,0,1,"Johnson, Mr. William",male,,0,4,79770,56.2233,A32,C
154,1,3,"Thomas, Mrs. Anna",female,7.7,0,4,823152,11.522,,C
155,1,3,"Williams, Mr. Albert",male,37.2,1,0,809800,17.744,,C
156,0,2,"Thompson, Mr. Edward",male,,4,0,195385,12.8253,,Q
157,0,3,"Robinson, Mr. Edward",male,13.6,0,0,844401,6.1872,,S
158,1,3,"Thomas, Miss. Emma",female,0.5,0,0,58838,16.3708,,S
159,0,1,"Smith, Mr. Charles",male,29.6,2,3,543022,48.5631,,S
160,0,3,"Taylor, Miss. Ethel",female,54.8,2,0,641475,7.6884,D97,C
161,0,2,"Johnson, Mr. George",male,,0,1,109329,17.9659,D97,S
162,1,3,"Johnson, Mrs. Anna",female,23.6,0,0,530146,10.5742,,C
163,1,3,"Lewis, Miss. Margaret",female,21.6,0,5,415413,14.4337,,S
164,1,3,"Johnson, Miss. Ethel",female,36.6,0,0,865327,7.5061,A23,S
165,0,1,"Miller, Mr. Henry",male,16.0,0,1,768921,316.9455,,C
166,0,3,"Taylor, Mrs. Alice",female,34.2,0,0,130424,11.0431,,S
167,0,2,"Harris, Mr. Thomas",male,40.7,0,0,984335,45.6058,C96,S
168,1,1,"Thomas, Mr. William",male,47.2,0,0,897687,97.3055,,S
169,0,1,"Harris, Mr. Robert",male,28.6,1,0,330217,264.5879,E39,S
170,1,3,"Brown, Miss. Ethel",female,27.1,0,3,738285,4.7076,,S
171,1,3,"Jackson, Miss. Elizabeth",female,17.7,0,3,254042,5.016,,S
172,1,1,"Jackson, Miss. Ethel",female,,0,2,745848,46.7523,,S
173,1,3,"Miller, Mr. Edward",male,,0,0,235683,9.5483,,S
174,1,1,"Moore, Mr. Albert",male,35.1,4,2,225547,36.7921,,C
175,1,3,"Wilson, Miss. Edith",female,42.8,0,0,253603,13.6663,,S
176,0,1,"Jones, Mr. Thomas",male,18.8,0,0,715662,174.6076,,S
177,0,3,"Jones, Mr. William",male,50.9,1,0,812056,7.4583,,C
178,1,2,"Wilson, Mr. Edward",male,26.2,0,0,208343,43.9875,,S
179,0,3,"Thompson, Mr. George",male,29.7,2,0,296459,8.0028,,C
180,0,1,"Anderson, Mr. Henry",male,19.5,0,0,289566,64.5501,,S
181,1,2,"Wilson, Mr. William",male,0.5,0,0,704497,11.3945,,S
182,0,1,"Thompson, Mr. Charles",male,,0,2,82663,116.1618,B78,S
183,0,3,"Lewis, Mr. Henry",male,40.3,0,0,111216,40.238,,Q
184,1,3,"Miller, Mrs. Emma",female,26.1,1,0,975736,5.4601,,C
185,0,2,"Harris, Mr. Albert",male,30.9,1,0,784888,14.1041,,S
186,1,3,"Lewis, Mr. Albert",male,37.2,0,0,266492,16.096,,S
187,0,3,"Thomas, Mrs. Florence",female,8.1,0,0,481358,6.3291,,C
188,0,3,"Williams, Mr. John",male,22.6,1,0,304887,18.1589,D77,S
189,1,3,"Thomas, Miss. Elizabeth",female,,3,0,502762,13.7375,,C
190,1,2,"Clark, Mrs. Dorothy",female,12.4,0,1,418852,15.2684,B88,S
191,0,1,"Davis, Mr. Albert",male,34.1,0,0,494100,175.9673,,S
192,0,3,"Robinson, Mr. Albert",male,,0,2,544396,12.677,,S
193,1,3,"Martin, Miss. Florence",female,,2,0,214706,9.0017,G62,S
194,0,3,"Brown, Mrs. Elizabeth",female,29.5,0,0,570468,11.9668,,S
195,0,2,"Williams, Mr. Charles",male,,0,2,291027,43.5956,,Q
196,0,2,"Johnson, Mr. George",male,46.3,1,0,578688,31.2074,E120,S
197,1,3,"Smith, Mr. Edward",male,19.7,0,0,187071,9.6725,E149,S
198,0,3,"Smith, Mrs. Alice",female,18.7,0,2,582239,10.0161,D132,S
199,0,3,"Lewis, Mr. James",male,32.8,0,0,410376,17.3113,,S
200,1,3,"Davis, Mrs. Emma",female,46.1,0,1,851694,14.6399,,C
201,0,3,"Moore, Mr. Thomas",male,15.8,0,0,423145,12.7202,,C
202,0,1,"Martin, Mr. Thomas",male,,0,1,879565,93.3817,,S
203,0,1,"Moore, Mr. George",male,36.0,0,0,676483,61.1715,,Q
204,0,3,"Moore, Mr. Thomas",male,39.7,0,0,387250,9.5501,,C
205,0,3,"Taylor, Mr. George",male,32.5,1,0,693717,21.962,,C
206,0,1,"Anderson, Mr. John",male,24.9,1,0,866928,31.0234,,S
207,0,1,"Davis, Mr. Edward",male,18.4,0,0,698916,174.1871,,C
208,1,3,"Moore, Mrs. Margaret",female,,0,0,334078,17.747,C117,S
209,0,1,"Thompson, Mr. Robert",male,,0,0,875318,132.7803,,S
210,0,1,"Smith, Mr. John",male,0.5,0,0,40881,470.34,,C
211,1,3,"Martin, Mrs. Mary",female,36.1,0,0,814841,10.2523,A144,S
212,0,3,"Clark, Miss. Ethel",female,,1,3,982920,5.2823,,S
213,0,3,"Brown, Mrs. Mary",female,0.5,0,0,108171,14.9733,C68,C
214,1,1,"Wilson, Miss. Margaret",female,15.9,0,0,995486,231.9185,G48,C
215,0,3,"Harris, Mr. Henry",male,38.7,0,0,263189,5.4771,,S
216,0,1,"Harris, Mr. Thomas",male,58.8,1,0,958161,71.9349,,C
217,1,2,"Thompson, Mrs. Margaret",female,,0,3,227815,16.9939,,S
218,1,3,"Clark, Mrs. Anna",female,19.8,1,0,321095,23.877,,S
219,0,3,"Miller, Mr. John",male,27.4,0,4,280896,13.7797,,C
220,1,3,"Harris, Miss. Margaret",female,49.2,2,0,651627,12.9126,,S
221,0,3,"Moore, Mr. William",male,21.0,2,1,416656,8.0115,,S
222,0,3,"Johnson, Mr. Albert",male,,0,0,54864,4.0103,C114,S
223,0,1,"Johnson, Mr. George",male,23.2,0,2,715051,36.332,,S
224,0,2,"Johnson, Mr. George",male,16.7,0,0,606323,34.3844,,S
225,1,2,"Lewis, Mr. Edward",male,31.7,0,0,96675,22.3788,,C
226,0,2,"Davis, Mr. William",male,52.7,1,0,294487,30.2571,,C
227,0,3,"Martin, Mrs. Edith",female,34.5,1,0,234320,14.4948,D102,S
228,0,2,"Martin, Mr. Henry",male,26.5,1,3,553961,16.5899,,C
229,1,3,"Brown, Mr. Charles",male,25.9,1,0,201026,4.6166,G102,S
230,1,3,"Wilson, Miss. Emma",female,8.1,0,0,195770,5.7057,,S
231,0,3,"Lewis, Miss. Florence",female,42.4,0,1,367168,18.6606,,C
232,0,3,"Harris, Mrs. Florence",female,28.9,1,0,560808,14.3253,,S
233,0,3,"Moore, Mrs. Emma",female,27.5,0,4,512857,22.0122,,S
234,0,3,"Lewis, Miss. Edith",female,,1,1,779483,5.0005,,S
235,1,1,"Jackson, Mr. Robert",male,34.2,0,0,812216,49.8335,,S
236,0,3,"Jones, Mr. William",male,19.5,0,2,389590,5.8798,,C
237,0,2,"Brown, Mr. George",male,24.0,5,0,48079,49.8721,,S
238,1,1,"Miller, Mr. Henry",male,46.1,0,0,54220,37.6958,,S
239,0,3,"Miller, Mr. William",male,31.6,4,0,161563,6.64,,S
240,1,1,"Thompson, Mrs. Emma",female,9.9,4,0,122878,188.5049,,S
241,0,3,"Williams, Mr. Albert",male,42.9,1,1,126583,5.5553,,S
242,0,3,"Clark, Mr. James",male,20.6,1,3,58720,10.9444,E24,S
243,0,3,"White, Mr. Albert",male,56.2,0,0,241876,22.7502,F89,C
244,0,2,"Smith, Mrs. Elizabeth",female,45.1,2,0,549006,36.0373,,Q
245,0,1,"Jones, Mr. Edward",male,23.7,0,4,438813,108.9776,,S
246,0,3,"Moore, Miss. Edith",female,47.9,0,0,857649,5.6651,,S
247,0,2,"White, Mr. Charles",male,30.9,1,0,501567,11.4038,,S
248,0,3,"Brown, Mr. Charles",male,41.9,0,0,372812,7.2812,,Q
249,0,3,"Thompson, Mr. William",male,36.8,0,3,692192,5.898,F66,Q
250,1,3,"Lewis, Mrs. Margaret",female,18.2,0,0,982322,7.0055,,S
251,0,2,"Miller, Mr. Edward",male,21.0,0,1,762758,32.1938,,C
252,0,2,"Smith, Miss. Ethel",female,,2,2,416080,11.178,G15,S
253,0,3,"Miller, Mr. James",male,25.3,0,0,622666,8.0492,C46,S
254,0,2,"Johnson, Mr. Robert",male,24.3,3,0,18177,18.3706,,S
255,1,1,"Thomas, Miss. Emma",female,16.6,1,2,711475,63.9451,E63,S
256,0,3,"Miller, Mrs. Alice",female,,1,0,394462,7.0916,,S
257,0,3,"Robinson, Miss. Margaret",female,58.9,0,1,771595,14.9137,,S
258,1,3,"Taylor, Miss. Florence",female,15.1,1,3,459426,32.3846,G110,S
259,1,3,"Miller, Miss. Florence",female,,0,0,455170,8.6105,,S
260,1,1,"Harris, Mrs. Margaret",female,49.8,1,1,645433,85.6266,,S
261,0,3,"Harris, Mrs. Anna",female,28.9,0,2,939348,10.6752,,S
262,0,3,"Moore, Miss. Emma",female,,2,2,739490,5.3685,,S
263,1,1,"Davis, Mrs. Dorothy",female,15.1,5,0,547706,39.351,B123,S
264,0,3,"White, Mr. George",male,36.0,0,0,175926,9.7631,,S
265,0,3,"Thomas, Mrs. Anna",female,27.4,0,0,622363,12.4125,,S
266,0,3,"White, Mr. Charles",male,43.8,1,1,513122,21.6355,E112,S
267,1,3,"Thomas, Mrs. Anna",female,,0,0,971454,8.6448,F36,S
268,0,3,"Brown, Miss. Mary",female,,2,1,337371,22.5154,,S
269,0,2,"White, Mr. Henry",male,,0,0,416051,14.0796,,S
270,1,2,"Thompson, Miss. Emma",female,,0,0,289677,51.818,,C
271,0,3,"Taylor, Mr. Robert",male,32.7,4,0,517966,11.395,,S
272,0,3,"Miller, Mr. Thomas",male,25.1,1,1,498267,7.1512,B24,S
273,0,3,"Jackson, Mrs. Mary",female,34.7,1,0,897889,36.8825,,S
274,1,3,"Lewis, Mr. Albert",male,25.9,0,0,379648,12.8053,F147,S
275,1,3,"Thompson, Miss. Mary",female,,1,0,228930,4.3587,,S
276,0,3,"Moore, Miss. Ethel",female,48.4,0,1,413439,7.1636,,S
277,0,3,"Taylor, Mr. Albert",male,15.9,1,0,658490,11.8108,,S
278,0,3,"Robinson, Mr. Thomas",male,46.0,1,0,544561,4.4639,,Q
279,0,3,"White, Mr. Edward",male,48.4,0,4,567807,4.1934,,S
280,1,3,"Thompson, Mr. William",male,28.3,0,1,689520,8.783,,S
281,0,3,"Anderson, Mrs. Elizabeth",female,0.5,0,4,923456,7.236,E76,S
282,0,2,"Davis, Mr. Thomas",male,21.5,1,0,477601,22.2426,,Q
283,0,2,"Wilson, Mr. Robert",male,48.2,0,0,920972,15.4427,,C
284,1,1,"Wilson, Mr. William",male,29.7,1,2,518604,30.4495,,S
285,1,3,"Thompson, Mr. Albert",male,16.0,0,0,494408,13.3474,,C
286,1,1,"Anderson, Miss. Ethel",female,22.9,1,1,190060,105.9654,F97,S
287,0,3,"Moore, Mr. George",male,41.8,1,0,413564,5.7867,,C
288,0,3,"Jones, Mrs. Edith",female,37.7,0,0,617748,7.0805,C130,C
289,0,2,"Miller, Mr. George",male,26.7,0,0,258792,117.101,,S
290,0,3,"Thomas, Miss. Margaret",female,24.9,0,0,638759,4.5998,,S
291,0,1,"Thompson, Mr. John",male,24.5,1,0,638956,83.2668,A53,S
292,0,1,"Robinson, Mr. Charles",male,17.1,1,0,863951,44.2013,,S
293,1,3,"Smith, Miss. Alice",female,,0,5,362570,17.384,,S
294,0,2,"Jackson, Mr. Charles",male,25.5,1,0,24629,15.036,,C
295,1,1,"Miller, Mrs. Edith",female,47.0,0,1,845488,136.2961,G38,S
296,1,3,"White, Mrs. Alice",female,51.3,0,2,807705,14.0794,A20,S
297,0,3,"Moore, Mr. George",male,,2,0,130484,12.8544,,S
298,1,1,"Clark, Mr. John",male,24.0,0,0,107275,151.0496,,S
299,0,3,"Martin, Mrs. Mary",female,35.7,0,1,443632,12.224,,S
300,1,1,"White, Mr. Charles",male,29.7,0,0,148966,65.6617,,S
301,0,1,"Clark, Mr. Robert",male,17.3,0,1,56073,70.1541,,S
302,0,3,"Williams, Mr. James",male,34.5,0,1,579981,16.0362,A4,S
303,0,3,"Clark, Mr. Albert",male,13.5,0,5,716826,9.5509,,S
304,0,3,"Miller, Mr. Robert",male,46.6,1,0,820775,7.5393,,Q
305,1,3,"Martin, Mrs. Edith",female,,0,0,577383,6.5995,F35,S
306,0,3,"Miller, Mrs. Florence",female,32.8,0,0,172246,12.2357,,S
307,0,3,"Taylor, Mrs. Mary",female,,0,0,978305,13.4421,,S
308,1,2,"Davis, Mrs. Emma",female,26.4,0,2,132388,19.061,,S
309,0,3,"Thompson, Mr. Charles",male,38.2,1,0,250787,7.3525,,S
310,1,2,"Thomas, Miss. Alice",female,,3,0,213508,10.8445,,S
311,0,2,"Williams, Mr. Thomas",male,,0,2,124441,16.5779,,S
312,0,1,"Williams, Mr. Charles",male,,2,0,996840,106.0999,,C
313,0,1,"Anderson, Mr. William",male,31.8,0,0,635070,82.9475,,S
314,0,3,"Martin, Mr. Thomas",male,57.1,0,0,792307,9.8323,G28,S
315,0,3,"Thomas, Mrs. Margaret",female,16.0,0,2,249343,10.8997,E79,C
316,0,3,"Jackson, Miss. Alice",female,,0,0,446142,15.0685,D80,S
317,0,2,"Harris, Mr. Edward",male,,0,2,869022,51.8844,,S
318,1,1,"Harris, Mr. Robert",male,,1,0,442043,177.7949,,S
319,1,1,"Davis, Mrs. Florence",female,,0,1,642551,54.5148,,S
320,0,2,"Smith, Mr. Edward",male,36.8,2,2,447991,21.9958,,C
321,0,3,"Wilson, Mr. Charles",male,38.9,0,0,444417,10.0381,,S
322,0,3,"Lewis, Mr. Robert",male,45.5,0,0,825805,11.6341,E59,C
323,0,3,"Harris, Miss. Emma",female,,1,0,299669,9.2688,D140,Q
324,1,2,"Thompson, Mrs. Elizabeth",female,26.6,0,1,399860,15.717,,Q
325,0,3,"Moore, Mr. Charles",male,39.4,0,0,376657,15.6912,,C
326,0,3,"White, Mr. Henry",male,56.6,1,0,663689,15.002,,S
327,1,3,"Thompson, Miss. Ethel",female,28.1,2,0,106643,6.9883,,S
328,1,3,"Moore, Miss. Florence",female,,1,0,695846,6.925,,S
329,0,2,"Martin, Mr. Henry",male,45.5,1,0,481820,11.5479,,S
330,1,2,"Williams, Mrs. Emma",female,28.3,1,0,159712,21.2241,,C
331,0,2,"Clark, Mr. John",male,0.5,3,0,369838,10.8819,,S
332,0,3,"Lewis, Mr. George",male,41.9,0,2,202527,6.3728,,Q
333,1,1,"Miller, Miss. Edith",female,22.5,0,1,570424,186.6979,F2,C
334,0,1,"Davis, Mr. George",male,28.7,0,0,989929,104.3598,,Q
335,0,1,"Clark, Mr. John",male,34.6,0,4,66539,62.5724,,C
336,0,1,"Thompson, Mr. George",male,32.7,1,1,222736,73.6981,F123,S
337,0,3,"Lewis, Mr. Thomas",male,39.9,1,3,428158,13.3575,G129,S
338,0,3,"Johnson, Mrs. Edith",female,23.9,0,0,78363,7.3725,E10,S
339,0,3,"Thomas, Mr. John",male,37.2,0,0,199668,6.5976,F28,S
340,1,1,"Martin, Mrs. Dorothy",female,,1,0,615814,50.1623,B15,S
341,0,3,"Harris, Mr. Henry",male,40.3,0,1,307399,15.1157,,C
342,0,3,"Anderson, Mr. Thomas",male,38.6,1,0,203201,12.2788,,C
343,0,1,"Smith, Mr. John",male,16.9,0,0,488739,232.5961,,S
344,1,2,"Brown, Miss. Elizabeth",female,45.2,0,0,652497,33.8111,,S
345,0,2,"Wilson, Mr. John",male,22.5,0,0,252723,19.7268,,S
346,1,3,"Lewis, Mrs. Elizabeth",female,,0,0,989790,10.4627,,S
347,0,3,"Taylor, Mr. James",male,35.1,1,0,620725,15.485,C141,S
348,1,1,"Wilson, Mrs. Margaret",female,,2,0,157349,119.987,,S
349,0,2,"Wilson, Mr. Charles",male,26.9,1,0,667003,39.4385,,S
350,0,3,"White, Miss. Edith",female,,0,4,912332,4.272,,S
351,0,3,"Wilson, Miss. Dorothy",female,29.7,0,1,820161,7.6551,,S
352,1,3,"Williams, Miss. Mary",female,25.8,1,3,818250,6.1647,A82,S
353,1,3,"Thompson, Mrs. Margaret",female,41.2,1,1,75555,8.7431,,S
354,1,1,"Harris, Miss. Edith",female,7.4,0,0,633267,47.1241,,S
355,0,1,"Harris, Mr. John",male,15.2,0,0,63629,295.4408,,S
356,0,3,"Jones, Mr. Edward",male,15.1,1,1,649584,6.0211,,Q
357,0,1,"Anderson, Mr. John",male,43.3,0,0,327582,109.1434,B141,S
358,0,3,"Johnson, Mrs. Emma",female,,0,0,780109,8.4395,,S
359,0,3,"Williams, Mr. James",male,28.5,0,0,281601,37.8822,,C
360,0,3,"Jackson, Mrs. Alice",female,,0,0,200701,10.4605,,S
361,0,2,"Smith, Mr. George",male,31.0,2,0,306066,50.2236,,Q
362,1,3,"Smith, Mr. James",male,46.3,3,0,413036,4.0429,,S
363,0,3,"Clark, Mr. Albert",male,17.0,0,0,435966,15.0342,D69,S
364,0,3,"Wilson, Mrs. Anna",female,33.3,0,2,380266,22.6685,,S
365,0,3,"Clark, Mr. Albert",male,43.7,0,0,112020,5.204,,S
366,1,2,"Taylor, Mr. Robert",male,,0,0,244618,12.5535,,S
367,1,3,"Moore, Mr. Thomas",male,32.7,0,0,523463,8.4211,,S
368,0,3,"White, Mr. George",male,44.0,1,1,703150,25.706,,S
369,0,1,"Lewis, Mr. James",male,0.5,0,0,884837,30.427,A134,S
370,1,1,"Williams, Mr. Edward",male,39.5,0,0,912562,98.4131,,S
371,1,1,"Jones, Miss. Mary",female,20.8,0,0,175493,134.7292,,S
372,0,1,"Harris, Mr. George",male,4.4,0,0,864470,39.5122,,S
373,1,1,"Thompson, Mr. William",male,37.2,0,3,783317,40.4374,,S
374,0,3,"Wilson, Mr. Henry",male,49.2,0,3,223273,4.7332,,S
375,1,1,"Thompson, Mr. Henry",male,28.1,4,0,596613,87.4722,B15,C
376,0,2,"Thompson, Mr. Robert",male,,0,0,297744,13.2281,,S
377,0,3,"Taylor, Mr. John",male,52.6,0,1,956898,5.8721,,S
378,0,1,"Brown, Mr. Thomas",male,48.4,2,0,220694,52.1698,,S
379,0,3,"Williams, Mr. William",male,53.0,5,0,272051,4.6557,,S
380,1,2,"Thompson, Mrs. Alice",female,,0,0,439387,11.1166,,Q
381,1,1,"Jackson, Mrs. Mary",female,31.1,1,3,764899,129.9399,,S
382,1,3,"Harris, Miss. Ethel",female,7.6,0,0,333670,14.653,,S
383,0,3,"Clark, Mr. Thomas",male,26.6,0,0,784808,6.8675,,S
384,0,3,"Taylor, Mr. Albert",male,18.2,0,1,23149,8.9799,,C
385,0,3,"Jones, Mr. Albert",male,,1,0,171466,11.3189,E66,S
386,0,3,"Moore, Mr. George",male,27.5,1,0,155468,5.5029,,Q
387,1,2,"Harris, Mrs. Emma",female,31.7,0,5,426540,24.8313,F87,Q
388,0,1,"Moore, Mr. George",male,37.7,0,0,188270,173.0025,,S
389,0,3,"Clark, Mr. John",male,30.6,1,0,122168,12.6865,,Q
390,0,3,"Johnson, Mr. James",male,,0,0,517026,5.3785,,S
391,1,3,"Taylor, Miss. Anna",female,21.3,0,0,644101,13.321,E35,C
392,0,2,"Lewis, Mr. Albert",male,,1,0,363923,45.9544,,S
393,0,2,"Smith, Mr. Robert",male,19.6,1,0,266960,57.4682,,S
394,0,3,"Brown, Mr. Edward",male,11.5,1,0,958520,6.2717,,S
395,0,2,"Brown, Mr. John",male,21.4,2,2,668554,21.4009,,C
396,1,3,"Lewis, Mr. Charles",male,29.5,0,0,304542,6.4309,C137,S
397,0,3,"Moore, Mr. Albert",male,24.0,1,0,276933,21.0774,,S
398,0,2,"Martin, Mr. Thomas",male,20.3,1,0,488911,12.9704,,S
399,0,3,"Robinson, Mr. Henry",male,10.3,0,1,337111,5.7496,,S
400,0,3,"Thompson, Mr. Albert",male,28.8,0,0,774302,11.6122,,S
401,1,1,"Williams, Mr. Henry",male,8.9,0,0,202206,81.4519,,S
402,0,3,"Robinson, Mr. Robert",male,,0,0,271041,7.9746,C111,S
403,1,3,"Davis, Miss. Edith",female,31.2,1,0,211958,13.9952,,S
404,1,3,"Clark, Miss. Dorothy",female,9.6,1,0,370981,12.6169,,S
405,0,2,"Brown, Mr. Charles",male,25.7,0,2,166049,39.0613,,S
406,0,3,"Jones, Mr. Henry",male,19.5,0,0,111967,6.6563,,S
407,1,2,"Anderson, Mr. Henry",male,34.5,3,0,403345,13.2135,,Q
408,0,1,"Anderson, Mr. George",male,,0,0,331827,80.2014,D52,S
409,1,3,"Taylor, Miss. Ethel",female,3.7,0,2,317475,14.1559,,Q
410,0,1,"Miller, Mr. Robert",male,31.6,0,0,258719,95.7874,B121,C
411,1,2,"Jackson, Mrs. Dorothy",female,27.8,0,0,831058,31.8658,,S
412,0,3,"Harris, Mr. Robert",male,,0,0,451719,6.2902,,S
413,0,3,"Davis, Mr. Edward",male,33.0,0,0,168621,7.1377,,C
414,0,3,"Thomas, Miss. Emma",female,19.5,0,0,546630,7.2543,,S
415,0,3,"Moore, Mrs. Margaret",female,25.5,0,0,832849,4.2086,,S
416,1,2,"Thompson, Miss. Margaret",female,,0,0,741874,50.2646,,S
417,1,2,"Smith, Miss. Elizabeth",female,45.1,0,0,717609,13.4766,D58,S
418,0,2,"Johnson, Mr. Henry",male,30.3,1,0,849096,16.6526,,C
419,0,3,"Wilson, Mrs. Mary",female,56.6,1,0,773076,9.8421,,S
420,1,3,"Brown, Mr. George",male,29.2,0,0,805265,8.8631,B39,S
421,1,3,"Jones, Mrs. Elizabeth",female,20.1,0,1,857090,4.2505,A148,S
422,0,3,"Martin, Mr. John",male,8.8,1,4,515655,20.9092,,S
423,1,1,"Harris, Mrs. Dorothy",female,,0,5,240099,41.3525,,S
424,0,3,"Thompson, Mr. John",male,7.8,0,2,956977,27.1671,,S
425,1,1,"White, Mr. George",male,33.7,1,0,928241,86.9779,,C
426,0,3,"Jones, Mr. Thomas",male,37.1,2,1,891397,7.3476,,S
427,1,2,"Lewis, Miss. Margaret",female,,1,0,974151,34.6533,,C
428,0,3,"Davis, Mr. William",male,,0,0,860486,4.1975,,S
429,1,2,"Harris, Mr. Robert",male,23.2,1,0,535587,15.7863,D26,S
430,0,1,"Williams, Mr. Henry",male,32.1,0,0,990785,89.1437,E110,S
431,1,1,"Williams, Mr. John",male,52.6,1,1,259240,47.5174,D136,S
432,0,3,"Taylor, Mrs. Florence",female,42.6,0,0,338019,8.4814,,S
433,0,3,"Anderson, Mr. Charles",male,26.2,0,0,698280,12.4505,A146,S
434,1,1,"Robinson, Miss. Edith",female,17.5,1,3,458052,261.6437,,S
435,1,1,"Brown, Mr. George",male,0.5,0,0,183453,71.8136,D93,C
436,1,3,"Jackson, Mr. John",male,19.9,0,0,515275,26.0984,,S
437,1,1,"Martin, Miss. Mary",female,27.0,2,3,386430,114.0177,,S
438,1,3,"Davis, Miss. Dorothy",female,,0,0,895162,6.1282,,S
439,0,3,"Anderson, Mr. Albert",male,28.2,0,0,328442,6.4465,,S
440,0,1,"Harris, Mr. Charles",male,31.1,0,0,952013,77.4122,,S
441,1,1,"Martin, Miss. Florence",female,26.9,1,0,791798,35.6239,,S
442,1,3,"White, Mr. Thomas",male,20.9,1,2,655323,38.3521,C93,Q
443,1,2,"White, Miss. Ethel",female,32.4,0,0,183167,13.3577,,C
444,1,2,"Williams, Mrs. Dorothy",female,36.2,1,0,454740,13.6379,D79,S
445,0,3,"Martin, Miss. Ethel",female,14.7,0,0,526030,4.9053,G128,S
446,0,3,"Martin, Mr. James",male,49.8,1,0,381969,14.1683,,S
447,1,3,"Davis, Mrs. Alice",female,28.6,0,4,125637,19.4244,,C
448,0,3,"Harris, Mr. George",male,30.3,0,0,271046,6.376,A145,S
449,0,2,"Thompson, Mr. Charles",male,,3,0,994413,24.3312,,S
450,0,1,"Thomas, Mr. Robert",male,,0,0,532222,106.3773,,C
451,0,3,"Brown, Mr. William",male,43.3,0,1,869050,4.4654,,S
452,1,3,"Johnson, Mrs. Elizabeth",female,34.0,0,3,35532,4.8731,,S
453,1,2,"Taylor, Mrs. Elizabeth",female,21.4,3,0,118197,13.5411,,S
454,0,3,"Clark, Miss. Margaret",female,35.1,0,0,140860,6.0901,,S
455,0,1,"Thomas, Mr. Albert",male,14.0,0,0,70285,45.9701,,S
456,0,3,"Anderson, Mr. William",male,31.5,0,1,815298,6.3388,,S
457,1,1,"Smith, Mr. John",male,29.5,0,0,672953,46.1263,F140,S
458,0,3,"Jackson, Miss. Alice",female,27.1,0,2,281639,22.9109,,S
459,0,1,"Smith, Mr. James",male,28.2,1,0,256130,154.1353,G139,C
460,1,1,"Thomas, Miss. Elizabeth",female,3.7,5,2,279981,38.1356,,S
461,0,1,"Thompson, Mr. George",male,22.3,0,0,742068,150.8622,A83,S
462,0,3,"Thompson, Mr. Thomas",male,31.3,0,0,946184,8.2462,D68,S
463,0,3,"Jackson, Mrs. Alice",female,,0,0,524938,14.4033,,C
464,0,3,"Anderson, Mr. Henry",male,15.6,0,0,982980,8.8066,F17,C
465,0,3,"Thomas, Miss. Florence",female,47.7,2,3,268750,19.5442,E25,S
466,1,2,"Johnson, Mrs. Alice",female,17.9,0,1,525046,19.6702,,S
467,0,2,"Lewis, Mr. George",male,43.6,0,1,302490,15.7246,,C
468,0,3,"Jackson, Mr. William",male,36.0,1,0,118621,10.5805,B145,S
469,1,1,"Davis, Mr. Henry",male,21.0,0,0,295556,72.3302,,S
470,0,3,"Brown, Mrs. Florence",female,54.9,1,1,491615,5.7898,,C
471,1,1,"Harris, Mr. Albert",male,13.3,0,0,128833,195.0854,,S
472,0,3,"Brown, Mr. Henry",male,,1,0,434020,5.8474,,Q
473,0,1,"Martin, Mr. John",male,,3,0,75206,210.0799,,C
474,0,3,"Clark, Miss. Mary",female,20.6,1,0,20934,5.3785,,S
475,0,3,"Wilson, Mr. Robert",male,49.5,3,0,302867,8.8655,,Q
476,1,3,"Thompson, Mrs. Mary",female,26.5,0,0,924400,11.4451,,C
477,1,1,"Moore, Miss. Ethel",female,,0,0,423621,70.7526,,S
478,0,3,"Miller, Mr. Robert",male,33.6,1,5,684108,7.864,,S
479,0,3,"Martin, Mr. John",male,,0,0,736126,20.2665,,S
480,0,3,"Lewis, Miss. Alice",female,41.4,0,0,711773,10.7205,,S
481,0,3,"Brown, Mr. John",male,41.1,0,0,949858,8.6315,,C
482,1,3,"Davis, Miss. Elizabeth",female,5.5,0,1,918420,4.5569,G44,S
483,0,3,"Brown, Mr. Henry",male,,0,0,491891,8.9993,,S
484,0,3,"Taylor, Mr. Albert",male,6.7,0,0,251630,17.7512,,S
485,1,3,"Thompson, Miss. Mary",female,44.5,1,0,944892,11.6266,,C
486,1,3,"Clark, Mr. Edward",male,45.8,0,0,508577,18.2781,,S
487,1,1,"White, Mr. Charles",male,14.7,0,0,570811,124.7797,,S
488,0,2,"Lewis, Mr. George",male,24.2,0,2,897582,26.9655,,S
489,0,3,"Miller, Mr. Albert",male,14.5,0,2,393094,4.1099,,S
490,0,3,"Harris, Mr. Henry",male,27.0,2,0,985197,6.8903,C119,S
491,0,3,"Davis, Mr. Edward",male,25.7,0,0,176804,13.5784,,S
492,1,3,"Martin, Miss. Elizabeth",female,40.9,0,3,575934,16.4951,,S
493,0,2,"White, Mr. Henry",male,48.3,1,0,686381,56.0904,C105,S
494,1,1,"Anderson, Miss. Margaret",female,49.5,0,2,234310,41.0974,,Q
495,0,3,"Robinson, Mr. Robert",male,,0,0,252024,8.3733,,S
496,1,2,"Thompson, Mrs. Margaret",female,,0,3,267476,12.0281,,S
497,1,3,"Anderson, Mr. William",male,6.4,2,1,849208,6.1049,A117,S
498,1,1,"Miller, Mrs. Elizabeth",female,18.7,0,3,291260,53.4179,,S
499,0,3,"Taylor, Mr. William",male,43.5,0,1,999513,5.7521,,S
500,0,3,"Smith, Mr. Henry",male,52.6,0,0,122858,4.4554,F6,S
501,0,3,"Thompson, Mr. Charles",male,12.7,0,3,753631,5.7665,E145,S
502,0,3,"Jackson, Mr. Albert",male,21.7,0,0,503213,4.0739,,S
503,0,2,"Davis, Mr. James",male,29.6,0,0,86620,10.939,,S
504,0,3,"Lewis, Mr. Henry",male,,0,1,972275,7.0428,D42,C
505,1,3,"Williams, Miss. Emma",female,18.7,3,1,431972,32.9383,D19,S
506,1,1,"Clark, Mr. George",male,,1,3,92604,46.7406,,S
507,0,3,"Jackson, Mr. William",male,,0,0,628740,7.3951,,S
508,0,3,"Davis, Mr. Henry",male,29.8,1,1,930423,7.5434,,S
509,1,3,"Jones, Miss. Emma",female,37.6,0,1,819982,4.0679,,S
510,0,3,"Thompson, Mr. George",male,30.1,0,0,177596,18.6211,G44,S
511,0,3,"Jackson, Mr. George",male,23.9,1,0,457822,4.2601,B127,S
512,0,2,"Wilson, Mr. Charles",male,28.5,1,0,734179,21.5377,,S
513,1,3,"Martin, Miss. Alice",female,28.8,1,0,604515,21.8105,,S
514,0,3,"Thompson, Mrs. Mary",female,,0,5,295356,10.1347,B107,Q
515,0,1,"Robinson, Mr. George",male,26.4,3,0,312262,79.7706,,S
516,1,1,"Thomas, Miss. Anna",female,52.4,0,1,825034,43.7632,,S
517,1,2,"Harris, Mrs. Alice",female,37.9,2,5,551828,18.4173,F133,C
518,0,3,"White, Mr. Robert",male,,4,0,176901,12.3353,,S
519,1,3,"Anderson, Mrs. Anna",female,39.8,0,2,197381,4.3664,,S
520,1,1,"Martin, Mr. George",male,25.3,1,0,730763,43.2535,,S
521,0,3,"Anderson, Mr. Charles",male,46.4,0,2,867887,8.8886,,S
522,0,2,"Lewis, Mr. Thomas",male,35.2,0,0,556565,14.1306,,S
523,0,3,"Williams, Mr. Charles",male,28.5,0,3,653421,21.501,B12,C
524,1,3,"Williams, Mr. Thomas",male,36.3,0,0,462889,4.8844,,S
525,0,3,"Taylor, Miss. Margaret",female,8.0,3,0,262196,17.8369,,S
526,0,3,"Williams, Mr. Thomas",male,14.2,1,1,945180,5.8863,,S
527,0,2,"Davis, Mr. Thomas",male,13.3,0,0,446060,26.4959,,C
528,0,2,"Clark, Mr. Henry",male,32.0,1,0,992212,46.3843,,S
529,1,1,"Wilson, Mrs. Mary",female,54.3,3,0,806184,35.1294,,S
530,0,3,"Brown, Mr. Robert",male,61.2,0,1,222620,5.3048,,S
531,0,3,"Davis, Mr. Albert",male,38.9,4,0,477927,9.6025,,S
532,0,3,"Clark, Mr. James",male,37.0,0,0,443886,16.9415,B2,S
533,0,3,"Brown, Mr. John",male,4.8,1,0,208675,8.6605,,S
534,1,3,"Wilson, Miss. Ethel",female,22.4,0,0,696838,9.3964,,Q
535,1,3,"Thomas, Mrs. Alice",female,19.0,0,0,429655,19.1115,,S
536,0,3,"Moore, Mr. Edward",male,21.3,0,0,962251,13.795,A140,S
537,1,3,"Miller, Mrs. Ethel",female,27.6,1,0,781784,9.3939,,S
538,0,2,"Smith, Mr. Robert",male,23.4,0,0,921764,10.0036,,S
539,0,3,"Wilson, Mrs. Edith",female,2.3,0,0,433026,21.2975,,S
540,1,1,"Thomas, Mr. Robert",male,40.5,0,2,814734,48.4769,,S
541,0,3,"Taylor, Mr. Henry",male,15.0,2,0,338380,5.9995,,C
542,0,3,"Davis, Mr. Albert",male,33.3,0,0,74467,6.508,,S
543,1,1,"Brown, Miss. Dorothy",female,59.0,0,1,374494,37.2383,,S
544,0,3,"Clark, Mr. Edward",male,,0,0,962345,4.3612,,S
545,1,3,"Taylor, Mr. William",male,0.5,0,1,972217,42.7192,B28,S
546,0,2,"Jackson, Mr. John",male,26.0,1,0,452762,40.109,D147,S
547,1,1,"Brown, Miss. Margaret",female,45.4,1,0,790196,122.7098,,C
548,0,3,"Harris, Mr. Albert",male,57.4,0,0,799480,8.0172,E36,Q
549,0,3,"Anderson, Miss. Margaret",female,12.8,0,1,783500,9.4216,,S
550,1,3,"Anderson, Miss. Ethel",female,,1,1,960794,21.0056,,S
551,0,3,"Lewis, Mr. George",male,23.5,0,0,593194,8.2606,,C
552,0,3,"Robinson, Mrs. Mary",female,28.5,1,0,348781,10.1688,,S
553,0,3,"Williams, Mr. James",male,67.0,1,5,301922,4.4045,,S
554,0,3,"Martin, Mrs. Dorothy",female,9.0,1,0,168497,4.0188,,S
555,0,3,"Smith, Mr. Edward",male,33.6,0,0,772405,6.2462,D92,C
556,1,2,"Harris, Miss. Anna",female,,0,3,748748,20.1988,,S
557,1,1,"Jackson, Mrs. Alice",female,45.2,3,1,130918,36.4773,,C
558,1,1,"Harris, Miss. Emma",female,31.4,0,0,886468,61.7087,,C
559,1,3,"Wilson, Mrs. Dorothy",female,,1,1,461392,8.2341,,S
560,0,3,"Johnson, Mr. John",male,24.5,0,2,415890,12.3493,B100,S
561,0,3,"Anderson, Mr. George",male,33.8,1,0,465618,13.9604,,C
562,1,1,"Miller, Miss. Ethel",female,25.2,0,0,519325,67.6837,,S
563,0,1,"Anderson, Mr. Henry",male,38.7,0,0,230979,56.9336,,S
564,0,1,"Moore, Mr. Albert",male,,0,4,960557,36.8843,,S
565,1,2,"Jones, Miss. Margaret",female,,1,1,782793,18.8515,F50,S
566,1,3,"Robinson, Mrs. Dorothy",female,29.6,1,0,21957,19.3575,,S
567,1,2,"Davis, Miss. Emma",female,45.8,0,2,869076,14.6176,,S
568,0,2,"Thomas, Mr. Charles",male,29.3,0,0,981120,18.9303,,S
569,1,3,"Moore, Mrs. Emma",female,5.2,1,0,909726,5.4794,,C
570,0,2,"Davis, Mr. Thomas",male,47.7,0,0,27829,26.3429,,S
571,1,3,"Taylor, Mrs. Florence",female,17.3,0,0,277981,15.7314,,S
572,1,3,"Johnson, Mr. George",male,20.8,0,2,467357,11.2651,,S
573,1,2,"Clark, Mrs. Edith",female,21.7,0,0,156104,25.5789,,S
574,1,3,"Smith, Miss. Anna",female,49.2,0,2,109770,6.436,,S
575,0,3,"Brown, Mr. William",male,,0,0,560640,5.0399,,S
576,1,3,"Harris, Miss. Anna",female,73.9,0,0,40215,9.7028,,S
577,0,1,"Thomas, Mr. Edward",male,44.8,0,5,459535,31.9806,,S
578,1,3,"Martin, Mrs. Mary",female,33.1,0,0,529751,7.562,,C
579,1,3,"Johnson, Mrs. Anna",female,29.2,0,0,740002,9.1603,,S
580,0,2,"Jones, Mr. George",male,34.0,0,0,313391,20.0146,,S
581,0,3,"Moore, Miss. Ethel",female,37.3,1,2,663980,12.1956,,C
582,0,3,"Williams, Miss. Elizabeth",female,,0,0,708408,22.5221,,S
583,0,3,"Robinson, Mr. John",male,,0,0,784474,5.4323,C132,Q
584,1,2,"Taylor, Mr. James",male,31.3,0,0,216604,19.9188,D48,C
585,0,3,"Miller, Mrs. Anna",female,,0,0,601002,5.2147,,S
586,1,2,"Robinson, Mrs. Margaret",female,27.9,0,1,307463,11.9132,,S
587,1,1,"Clark, Mrs. Margaret",female,27.3,0,0,653346,70.2774,,S
588,1,1,"Brown, Miss. Anna",female,45.9,2,0,288169,61.3949,,S
589,0,1,"Martin, Mr. William",male,38.3,0,0,19780,288.6136,,C
590,1,1,"Harris, Miss. Mary",female,0.5,3,0,819138,33.4531,,S
591,1,1,"Lewis, Mr. George",male,39.2,0,3,708276,39.2018,F86,C
592,0,3,"Smith, Mr. Robert",male,32.7,0,0,85503,11.3908,F119,C
593,1,1,"Harris, Mr. Charles",male,,0,5,171928,88.9845,,S
594,0,2,"Thompson, Mr. John",male,24.6,0,0,899598,32.6111,,S
595,0,3,"Davis, Mr. Henry",male,45.7,0,0,19179,10.0369,,S
596,0,3,"Harris, Mr. George",male,43.3,1,2,703983,12.8535,,S
597,1,3,"Moore, Mrs. Elizabeth",female,19.2,0,0,682947,18.2501,B21,S
598,1,1,"Smith, Mr. James",male,,3,1,689093,79.4767,,S
599,0,1,"Davis, Mr. Edward",male,16.4,1,5,791570,41.2386,,S
600,0,1,"Smith, Mr. John",male,10.7,0,0,491522,43.2156,,C
601,1,1,"Thompson, Mr. Thomas",male,21.2,0,0,633711,53.0355,,S
602,0,2,"Johnson, Mr. Edward",male,42.1,0,1,133076,18.4961,,S
603,0,1,"Brown, Mr. Henry",male,43.3,0,0,145047,44.1523,,S
604,1,1,"Thomas, Mr. William",male,,0,0,264477,37.4204,E126,C
605,1,1,"Wilson, Mrs. Florence",female,40.2,0,0,743815,240.6277,G143,S
606,1,3,"White, Mr. William",male,,0,0,347282,6.5715,F73,S
607,0,1,"Harris, Mr. John",male,21.0,0,1,710823,127.381,,Q
608,0,2,"Thompson, Mr. James",male,36.0,4,0,183226,25.217,,S
609,0,3,"Thomas, Miss. Margaret",female,41.2,1,0,216748,22.038,,S
610,0,3,"Thompson, Mr. Albert",male,40.6,3,0,521559,36.4344,F73,S
611,0,1,"Jackson, Mr. John",male,,0,0,620994,39.4434,,C
612,0,3,"White, Mr. William",male,39.9,0,0,126905,5.4104,A8,S
613,1,3,"Wilson, Mr. Albert",male,,0,1,38830,22.9029,,S
614,0,1,"Jones, Mr. George",male,45.0,0,0,906508,121.6012,,S
615,0,3,"White, Mr. Charles",male,29.6,0,1,475342,5.3355,,Q
616,0,3,"Moore, Mr. Henry",male,17.7,1,2,974249,24.3804,,S
617,0,1,"Martin, Mr. Edward",male,27.7,1,0,302753,40.1656,,S
618,0,2,"Harris, Mr. George",male,,0,0,551689,24.458,,Q
619,0,3,"Moore, Mrs. Dorothy",female,,0,0,430945,13.8804,,S
620,1,3,"Moore, Miss. Mary",female,,0,0,899912,5.7885,,Q
621,1,1,"White, Mrs. Dorothy",female,18.9,0,2,128278,34.5172,,Q
622,1,1,"Harris, Miss. Mary",female,25.7,0,2,710527,102.898,B100,C
623,0,2,"Jackson, Mr. William",male,3.5,0,0,235253,27.5329,,S
624,1,3,"Davis, Mr. William",male,33.0,0,0,853823,8.6196,,S
625,1,3,"Smith, Mr. Albert",male,30.0,3,3,660831,16.1861,E131,C
626,0,2,"Johnson, Mr. Albert",male,18.6,0,4,925318,23.4651,,Q
627,1,3,"Brown, Mrs. Mary",female,39.2,1,0,628871,8.8303,,S
628,0,3,"Wilson, Mr. Henry",male,43.1,0,0,199243,16.569,,C
629,1,1,"Jackson, Mrs. Edith",female,7.5,0,0,491312,54.6781,,S
630,0,2,"Brown, Mr. Thomas",male,,0,4,147719,43.0749,,S
631,1,3,"Lewis, Miss. Edith",female,19.2,0,0,948610,6.0746,,S
632,0,3,"Williams, Mr. George",male,16.8,0,0,278159,6.5618,,C
633,0,3,"Miller, Mr. Henry",male,41.6,1,0,293650,7.0248,,S
634,0,3,"Davis, Mr. George",male,,1,0,255221,4.9937,,S
635,0,1,"Wilson, Mr. Henry",male,26.3,0,0,34067,55.9125,,Q
636,0,2,"Johnson, Mr. Robert",male,1.9,0,6,402963,11.0401,,S
637,0,3,"Robinson, Mr. George",male,,2,0,519993,8.8606,,S
638,1,2,"White, Miss. Elizabeth",female,12.7,0,0,536344,14.2105,,S
639,0,2,"Brown, Mr. Henry",male,30.8,0,0,264770,41.9908,,S
640,0,2,"Martin, Mr. Charles",male,,0,0,563616,18.0656,,S
641,0,1,"Thompson, Mr. Albert",male,,1,0,874144,39.8508,,Q
642,1,2,"Wilson, Miss. Florence",female,11.7,5,0,62832,47.5678,,S
643,1,1,"Davis, Mr. Thomas",male,0.5,0,0,52771,103.7017,D80,C
644,1,2,"Davis, Mr. Henry",male,32.6,2,0,107421,13.1845,,S
645,1,1,"Clark, Mr. Albert",male,55.2,1,0,187587,57.4107,,S
646,0,3,"Clark, Mr. Albert",male,,0,0,598826,15.3024,,S
647,1,3,"Davis, Mrs. Ethel",female,32.9,0,4,996154,6.3804,G93,S
648,0,3,"Davis, Mr. Charles",male,23.1,0,3,482194,13.4606,,S
649,0,3,"Smith, Mr. John",male,,4,0,312295,4.3242,,S
650,0,3,"Martin, Miss. Dorothy",female,16.4,0,0,666989,18.6311,F48,S
651,0,1,"Wilson, Mr. Albert",male,36.7,1,3,355607,59.6812,,S
652,0,3,"Harris, Mr. Thomas",male,37.1,0,0,631141,12.1001,A7,S
653,0,3,"Thompson, Mr. Edward",male,,1,2,623720,6.0004,,S
654,0,3,"White, Mrs. Edith",female,68.6,0,3,300299,13.0426,,Q
655,0,2,"Robinson, Mr. William",male,35.5,0,0,785817,17.9151,,S
656,1,1,"Miller, Mrs. Dorothy",female,22.9,1,0,159360,58.5568,,S
657,0,2,"Wilson, Mr. Albert",male,,1,4,322732,11.096,,Q
658,0,2,"Robinson, Mr. John",male,5.2,2,0,228023,14.8889,,C
659,0,3,"Martin, Mr. Robert",male,20.3,0,0,701445,21.9614,,S
660,0,3,"Wilson, Miss. Alice",female,24.3,1,0,545539,9.5112,G87,S
661,0,2,"Smith, Mr. Edward",male,22.7,0,0,112420,14.9832,C55,S
662,1,3,"Johnson, Miss. Mary",female,32.1,0,1,690934,16.9298,,S
663,1,3,"Brown, Mrs. Edith",female,18.5,0,1,281767,8.2279,,C
664,0,1,"Johnson, Mr. Charles",male,45.7,0,6,227544,77.1323,,C
665,0,1,"Robinson, Mr. William",male,30.0,0,0,326859,110.9421,,S
666,0,1,"Harris, Mr. Charles",male,29.9,5,0,278267,114.8636,,Q
667,0,2,"Wilson, Mr. Edward",male,25.4,0,0,275205,40.2448,,S
668,1,1,"Moore, Mrs. Mary",female,32.2,1,0,116393,40.948,,S
669,1,1,"Thompson, Miss. Mary",female,41.6,0,0,788504,125.7974,,C
670,1,2,"Harris, Mr. George",male,17.9,0,5,898467,12.025,,S
671,0,1,"Anderson, Mr. George",male,,0,2,311239,35.4044,,C
672,0,3,"Martin, Mrs. Elizabeth",female,25.7,3,0,200690,6.255,,Q
673,1,1,"Jackson, Mr. Edward",male,11.2,2,0,955955,41.468,,S
674,0,3,"Smith, Miss. Mary",female,18.5,2,0,878329,16.654,F71,S
675,0,2,"Brown, Mr. James",male,23.3,5,0,615731,50.6793,,S
676,1,3,"Taylor, Mrs. Anna",female,42.2,0,1,390149,6.5328,,S
677,1,1,"Thompson, Mr. William",male,33.7,0,0,831246,77.8941,G34,S
678,0,2,"Anderson, Mr. James",male,32.7,1,6,521048,13.7088,D40,S
679,0,3,"Martin, Mr. William",male,41.9,0,0,95141,32.9088,E31,C
680,0,3,"Brown, Mr. George",male,28.1,0,0,501008,35.1906,,S
681,0,3,"Thomas, Mr. Henry",male,35.5,0,1,742228,6.4988,,S
682,1,2,"Thomas, Mrs. Edith",female,28.6,0,0,703192,11.6465,,S
683,1,1,"Taylor, Mrs. Margaret",female,,0,0,674805,144.4452,,C
684,0,3,"Moore, Mr. Albert",male,,0,0,174562,8.7971,,S
685,1,3,"Davis, Mr. William",male,0.5,0,0,564055,4.8496,,S
686,0,3,"Lewis, Mr. William",male,,0,1,56057,13.8349,,C
687,0,3,"Moore, Mr. George",male,49.9,0,0,221818,4.2534,G98,S
688,0,2,"Thompson, Mr. Charles",male,43.0,0,1,230767,19.2931,E50,S
689,0,3,"Jackson, Mr. Charles",male,43.5,1,0,706403,5.1941,,C
690,0,1,"Thomas, Mr. Charles",male,47.3,0,0,358899,51.6639,,S
691,0,2,"White, Mr. Albert",male,31.2,0,2,824378,29.6338,,Q
692,0,2,"Clark, Mr. Charles",male,32.8,1,0,177659,17.9382,,S
693,0,3,"White, Mr. Henry",male,21.4,0,0,275508,13.4517,,S
694,1,2,"Johnson, Mrs. Alice",female,25.6,0,0,523993,28.0253,C78,C
695,0,1,"Brown, Mr. Albert",male,,1,0,997358,77.8321,A98,S
696,0,3,"Harris, Mrs. Edith",female,46.9,0,0,721448,7.2796,,C
697,0,2,"Wilson, Mr. Henry",male,,1,0,520684,39.4647,,C
698,0,3,"Clark, Mr. William",male,23.7,1,0,611303,9.2414,,C
699,1,1,"Harris, Miss. Edith",female,30.0,1,0,148470,57.2069,E139,Q
700,0,3,"Davis, Miss. Margaret",female,,0,4,405668,11.9925,,S
701,1,3,"Taylor, Miss. Ethel",female,9.8,0,0,359352,6.3777,,S
702,0,1,"Moore, Mr. James",male,0.5,0,2,919640,135.222,,S
703,0,2,"Robinson, Mr. George",male,22.3,0,0,960697,17.1306,,S
704,1,1,"Davis, Miss. Dorothy",female,12.9,0,0,559633,116.1764,,C
705,0,1,"Martin, Mr. Robert",male,22.9,0,2,515027,105.0235,,S
706,0,3,"Clark, Mr. William",male,,0,0,358039,9.2487,C75,S
707,0,2,"Johnson, Mr. William",male,23.7,0,1,739695,81.8475,,S
708,0,3,"Brown, Mr. Thomas",male,50.3,0,0,986700,8.77,,S
709,1,2,"Jones, Miss. Ethel",female,34.6,0,0,164125,13.5459,,Q
710,0,3,"Johnson, Mr. Charles",male,,1,0,790912,8.5758,,S
711,0,3,"Jones, Mr. Henry",male,38.7,0,0,663310,8.2871,,S
712,1,3,"Smith, Mr. George",male,14.1,0,2,408231,14.5558,,C
713,0,3,"Moore, Mr. Robert",male,44.5,3,0,238273,13.2637,,S
714,0,2,"Harris, Mr. Charles",male,,0,4,936161,32.1252,,S
715,0,2,"Taylor, Mr. James",male,39.4,0,4,323260,13.8835,,S
716,0,3,"Harris, Mr. John",male,15.0,0,0,163023,11.5232,,S
717,0,3,"Johnson, Miss. Dorothy",female,8.2,1,0,369743,11.0396,A138,S
718,1,3,"Lewis, Mr. James",male,41.5,0,2,239351,7.693,,C
719,1,1,"Moore, Mr. John",male,35.3,0,4,822953,35.2157,C130,S
720,0,3,"Miller, Mrs. Dorothy",female,17.4,0,0,326575,7.0125,,Q
721,1,3,"Robinson, Mrs. Margaret",female,,2,0,807163,5.2238,,C
722,1,1,"Wilson, Mr. George",male,45.8,0,0,684104,121.6504,,S
723,0,1,"Wilson, Mr. Thomas",male,13.3,0,1,335238,65.0742,E103,S
724,0,3,"Miller, Mr. William",male,53.0,2,0,814855,13.1926,,S
725,1,3,"Jones, Mrs. Dorothy",female,17.4,0,1,386756,12.6476,,S
726,0,3,"Brown, Mrs. Florence",female,,2,0,945072,28.0635,,Q
727,1,1,"Thomas, Mrs. Anna",female,25.4,0,0,974915,65.1251,,S
728,0,3,"White, Mr. Henry",male,38.4,1,0,538222,4.4276,,S
729,1,1,"Wilson, Miss. Alice",female,,0,0,86945,57.4694,,S
730,0,1,"Davis, Mr. John",male,27.7,1,0,785842,74.7861,,S
731,0,1,"Robinson, Mr. Henry",male,30.6,2,0,926875,129.2659,,S
732,0,3,"Williams, Mr. Charles",male,,0,0,631234,11.0525,,S
733,1,3,"Smith, Mrs. Ethel",female,40.4,0,0,630632,33.8638,,S
734,0,3,"Wilson, Mr. Edward",male,22.8,0,0,149244,10.0795,D118,S
735,1,2,"Anderson, Miss. Ethel",female,26.8,0,5,561646,50.7686,,S
736,0,3,"Robinson, Mr. Charles",male,16.1,0,0,731673,4.6935,,C
737,0,2,"Lewis, Mr. James",male,0.5,0,0,139774,14.3707,C49,S
738,0,3,"Thompson, Mr. Albert",male,27.3,0,0,291907,8.6493,,S
739,0,2,"Clark, Mr. Edward",male,63.8,0,5,976177,17.2473,,S
740,1,2,"Smith, Miss. Dorothy",female,,0,0,503938,33.7465,,S
741,0,3,"Thomas, Mr. Albert",male,29.7,1,1,499922,39.5595,F138,Q
742,1,2,"Johnson, Miss. Alice",female,26.3,0,1,95997,12.8088,G18,S
743,1,3,"Clark, Mrs. Margaret",female,30.3,0,0,251830,4.3886,,S
744,0,3,"Moore, Mrs. Alice",female,37.7,0,0,864407,16.9225,,C
745,1,1,"Jackson, Mr. John",male,13.5,0,1,148876,56.7232,G16,C
746,0,3,"Thomas, Mr. Thomas",male,45.6,0,0,975098,5.7706,,S
747,1,2,"Williams, Mr. John",male,40.0,0,0,219820,22.5119,,S
748,0,3,"Smith, Mrs. Edith",female,,0,1,621477,14.848,,S
749,0,3,"Moore, Mrs. Margaret",female,,1,0,621795,15.7717,,S
750,0,3,"Miller, Mr. William",male,30.3,0,2,339669,9.5391,,C
751,1,1,"Johnson, Miss. Florence",female,39.4,1,0,633536,33.249,,S
752,0,3,"Davis, Mr. William",male,38.3,1,2,558892,33.1185,,C
753,0,3,"Jackson, Mr. George",male,25.0,1,0,913017,12.71,,S
754,0,2,"Harris, Mr. William",male,22.0,3,0,949639,15.399,,S
755,1,1,"Taylor, Mrs. Margaret",female,31.4,0,0,703278,72.6428,,S
756,0,3,"Thompson, Mr. Robert",male,51.7,0,4,139716,14.5074,A79,C
757,1,3,"Clark, Mrs. Emma",female,,2,0,716209,6.2185,,S
758,0,3,"Taylor, Mrs. Elizabeth",female,,0,0,171919,5.5071,,S
759,1,3,"Jackson, Miss. Florence",female,32.3,0,0,971278,10.0374,,S
760,0,3,"Thomas, Mr. James",male,30.7,1,0,463925,6.7398,,S
761,1,1,"Brown, Mr. Albert",male,32.4,1,0,544968,50.2359,C27,S
762,1,2,"Miller, Mr. Thomas",male,,3,0,647796,18.7615,,Q
763,0,2,"Jones, Mr. William",male,,5,0,105619,10.7075,,S
764,1,3,"Johnson, Mr. William",male,50.9,1,0,65037,6.6647,,C
765,1,1,"Anderson, Mrs. Emma",female,7.6,0,0,634257,134.4128,E108,S
766,0,3,"Harris, Mr. John",male,,2,0,121115,5.086,,S
767,1,3,"Thomas, Mr. William",male,28.6,0,1,68914,25.6983,B115,S
768,0,3,"Clark, Mr. Robert",male,,0,0,691669,20.1606,,S
769,0,2,"Miller, Mr. Henry",male,27.5,2,0,117255,26.2663,,C
770,0,3,"Smith, Mr. Thomas",male,53.3,0,0,544637,16.054,C49,S
771,0,1,"Clark, Mr. Thomas",male,,0,5,478295,104.2181,,S
772,1,3,"Lewis, Mrs. Florence",female,33.2,0,4,464036,32.2974,,S
773,0,1,"Anderson, Mr. William",male,12.4,2,2,216068,73.8143,,Q
774,1,2,"Moore, Miss. Elizabeth",female,21.4,0,0,962057,21.3872,C91,S
775,0,3,"Clark, Mrs. Edith",female,24.7,1,0,562813,4.5252,,S
776,1,1,"Martin, Mr. Robert",male,,0,0,278092,182.1247,,S
777,0,1,"Taylor, Mrs. Mary",female,47.9,1,0,548786,237.3122,,S
778,0,3,"Harris, Mr. Henry",male,37.8,1,0,946495,10.1945,,S
779,1,3,"Clark, Miss. Edith",female,14.4,0,1,755870,6.7161,,C
780,0,3,"Williams, Mr. William",male,33.5,0,2,69790,5.0251,D2,S
781,1,3,"Smith, Mrs. Margaret",female,37.0,0,2,935164,13.7264,A18,S
782,0,3,"Taylor, Miss. Margaret",female,46.0,4,0,36245,12.2819,,S
783,1,2,"Martin, Miss. Dorothy",female,,1,1,141310,14.6241,,S
784,1,2,"Miller, Mrs. Emma",female,,3,0,947424,45.1438,B59,S
785,1,1,"Taylor, Mr. Henry",male,18.6,0,0,56659,68.0705,,Q
786,0,3,"Williams, Mr. John",male,12.4,1,1,521765,6.8961,D89,C
787,0,3,"Lewis, Mr. Charles",male,26.7,1,0,922415,24.3135,,C
788,0,2,"Thomas, Mr. Albert",male,36.5,1,0,609162,10.6731,,C
789,1,3,"Harris, Miss. Elizabeth",female,43.8,3,0,314661,6.3255,,S
790,0,3,"Clark, Mr. John",male,,0,1,660906,10.1123,A30,S
791,0,1,"Smith, Miss. Edith",female,25.5,0,1,610173,136.3891,B27,S
792,0,3,"Lewis, Mr. John",male,32.1,1,0,580638,4.8709,,S
793,1,3,"Brown, Mrs. Mary",female,18.3,1,2,873611,26.9205,,S
794,1,3,"Taylor, Mr. James",male,59.3,0,0,788539,16.6808,,S
795,1,1,"Robinson, Mrs. Alice",female,7.5,0,0,955778,175.9668,,S
796,0,3,"Brown, Miss. Florence",female,32.6,0,1,317157,13.9586,C122,C
797,0,3,"Davis, Mr. Thomas",male,58.3,0,1,771563,7.8885,,C
798,0,3,"Clark, Mr. Albert",male,30.1,0,5,49913,8.1173,E60,Q
799,0,3,"Wilson, Miss. Ethel",female,27.3,1,0,245237,16.2336,,S
800,0,3,"Jackson, Mr. George",male,25.0,1,1,317963,30.3283,D75,S
801,1,3,"Thomas, Mr. Thomas",male,27.5,0,0,92168,5.0834,,S
802,1,1,"Smith, Mr. William",male,49.2,0,3,364824,85.0577,,S
803,0,3,"Davis, Mr. Robert",male,0.5,0,0,366936,9.2459,,S
804,0,3,"Clark, Mr. William",male,51.5,0,1,730270,7.7768,,S
805,0,2,"Robinson, Mr. Charles",male,,1,0,688845,18.4364,,S
806,0,3,"Lewis, Mr. Charles",male,26.3,2,0,406076,4.4295,,S
807,0,3,"Johnson, Mr. Thomas",male,24.0,0,0,59875,13.2552,,S
808,1,3,"Brown, Miss. Dorothy",female,38.2,1,0,155991,8.5847,,S
809,0,3,"Johnson, Mr. Robert",male,7.6,2,0,502089,5.7333,,S
810,1,1,"Smith, Mrs. Alice",female,36.5,1,2,870379,49.6908,,S
811,0,3,"Taylor, Mr. James",male,58.3,0,0,19586,16.9786,,S
812,0,3,"Johnson, Mr. William",male,,3,0,61986,9.3304,,S
813,0,1,"Anderson, Mr. Charles",male,32.7,0,0,886280,62.0319,,S
814,0,3,"Taylor, Mr. Albert",male,20.7,0,0,295199,12.1309,,C
815,0,3,"Moore, Mr. John",male,36.0,0,0,438106,6.7191,,C
816,0,3,"Smith, Mr. William",male,30.3,0,0,466297,6.1536,G81,S
817,1,3,"Jones, Mr. Edward",male,21.0,0,0,563095,14.4899,F37,S
818,1,2,"Harris, Mr. Robert",male,,0,0,226992,15.0008,,S
819,1,1,"Harris, Miss. Dorothy",female,55.3,0,0,843609,53.9866,,S
820,0,2,"Miller, Mr. James",male,27.3,1,0,497677,37.7215,,S
821,0,3,"Wilson, Mr. Charles",male,,2,0,78625,5.3279,,S
822,1,1,"Davis, Mrs. Florence",female,,0,0,941746,99.1605,,S
823,0,2,"Davis, Mr. Thomas",male,,2,0,328461,11.6829,,S
824,0,2,"Wilson, Mr. Edward",male,36.6,2,3,443194,20.1822,,S
825,0,3,"Thompson, Mrs. Anna",female,,1,2,288577,5.2933,,S
826,0,3,"Thompson, Mr. John",male,35.0,0,1,43282,6.206,,C
827,1,2,"Clark, Miss. Ethel",female,25.6,1,0,610807,12.5889,,S
828,1,2,"Clark, Mrs. Mary",female,30.0,3,1,774634,20.0259,,S
829,0,3,"Williams, Mr. George",male,12.5,1,2,840010,7.6308,,
830,0,3,"Martin, Mr. Thomas",male,38.5,0,1,140843,20.5332,A45,Q
831,1,1,"Jones, Mr. George",male,42.4,0,0,642621,199.4988,,S
832,0,3,"Miller, Mr. Thomas",male,23.7,1,0,997711,7.2638,,S
833,1,1,"Clark, Mr. Thomas",male,23.4,0,2,165205,56.0533,,S
834,1,1,"Davis, Mrs. Edith",female,33.7,0,0,533566,146.5153,,S
835,0,3,"White, Mr. Edward",male,23.9,0,0,584605,7.0464,,C
836,0,2,"Martin, Mr. William",male,29.1,1,0,137878,46.7537,D64,Q
837,1,3,"Smith, Mrs. Edith",female,59.4,2,0,118745,6.7352,,S
838,1,2,"Brown, Miss. Margaret",female,,0,0,401374,15.2982,,S
839,0,3,"Lewis, Mr. Charles",male,,3,0,600238,4.5453,,S
840,1,3,"Jones, Mr. James",male,20.9,0,0,593900,5.6985,,S
841,0,1,"Williams, Mr. William",male,40.4,1,0,74873,72.2059,,C
842,0,3,"Smith, Mr. Henry",male,27.5,1,0,778757,26.1105,,C
843,0,1,"Smith, Mr. Henry",male,20.9,1,0,650080,67.5604,D82,S
844,0,3,"Robinson, Mr. Edward",male,48.5,3,0,752138,12.7269,,S
845,1,1,"Jones, Mrs. Florence",female,49.9,0,1,203074,48.251,D119,S
846,1,2,"Miller, Mr. James",male,21.6,2,1,980012,78.1322,,S
847,0,1,"Harris, Mr. George",male,3.9,0,0,503936,40.2404,,C
848,0,3,"Wilson, Mr. Charles",male,44.1,1,0,703739,6.9155,,S
849,0,3,"Jones, Mr. Albert",male,20.4,1,0,921246,5.3726,,S
850,0,3,"Thomas, Miss. Edith",female,,1,2,549519,5.5294,,S
851,1,1,"Smith, Miss. Margaret",female,,0,0,359529,83.6137,,C
852,0,3,"Wilson, Mrs. Mary",female,42.5,2,0,575451,4.1277,,S
853,1,1,"Martin, Mr. Edward",male,13.0,0,0,918312,200.0974,,C
854,0,3,"Johnson, Mr. William",male,40.2,0,0,959180,7.8173,B140,C
855,1,1,"Robinson, Mr. James",male,,1,2,884024,73.4402,,Q
856,0,1,"Davis, Mr. Albert",male,16.6,0,2,378708,119.4067,,S
857,1,1,"Williams, Mr. William",male,24.3,1,0,788755,79.552,A146,S
858,0,3,"Lewis, Mrs. Edith",female,39.6,0,0,589823,6.7977,,S
859,0,3,"Taylor, Mr. John",male,31.5,0,0,383096,14.5761,,S
860,0,1,"Thompson, Mr. Albert",male,38.2,1,0,187182,38.0899,,S
861,0,3,"Smith, Mr. Edward",male,57.7,0,0,712338,5.7113,,S
862,0,3,"Miller, Mr. Edward",male,8.1,0,0,756178,4.8217,B85,S
863,0,3,"Miller, Mr. John",male,,1,0,737729,22.2463,,C
864,1,2,"Smith, Mrs. Edith",female,,0,0,407968,20.9625,,S
865,1,2,"Harris, Miss. Edith",female,17.4,1,3,558795,16.5151,F129,S
866,0,3,"Harris, Mrs. Edith",female,11.4,0,0,488921,7.5646,,C
867,0,1,"Anderson, Mr. Edward",male,27.4,1,2,658513,76.4867,,C
868,0,1,"Lewis, Mr. George",male,42.9,1,1,264295,238.0685,,C
869,0,3,"Thomas, Mr. George",male,28.2,1,0,120282,9.9579,,C
870,0,3,"Jackson, Mr. Thomas",male,51.2,0,1,968999,5.8151,,Q
871,1,2,"Harris, Miss. Anna",female,9.7,1,0,231538,53.2471,,S
872,0,2,"Brown, Mr. Albert",male,29.8,1,0,201958,17.5696,B93,S
873,0,3,"Davis, Mr. George",male,12.5,1,0,342703,11.1411,,S
874,0,2,"White, Mr. Edward",male,35.1,0,6,535270,20.0803,,S
875,0,1,"Anderson, Mr. George",male,42.4,2,0,220913,53.1661,,S
876,1,1,"Miller, Mrs. Mary",female,24.1,1,0,663416,172.2861,G85,S
877,0,3,"Davis, Mr. James",male,,0,3,419362,16.5888,,S
878,0,3,"Lewis, Mr. Robert",male,32.8,0,0,781393,11.935,,S
879,1,1,"Williams, Mr. James",male,36.1,2,1,195915,61.2237,G70,S
880,0,1,"Smith, Mr. Henry",male,,0,1,261762,32.517,B18,C
881,1,1,"Martin, Miss. Mary",female,47.3,3,2,611025,55.5972,,S
882,1,3,"Jackson, Mrs. Elizabeth",female,15.0,1,5,92446,4.1978,,C
883,1,1,"Moore, Miss. Dorothy",female,,1,5,98567,99.5192,,S
884,1,1,"Harris, Mrs. Margaret",female,46.7,0,0,820068,208.3098,B101,Q
885,0,3,"Taylor, Mr. William",male,5.1,0,2,354994,12.8551,,C
886,1,1,"Robinson, Mrs. Elizabeth",female,,3,0,954836,130.1086,,S
887,0,3,"Moore, Mr. James",male,22.9,0,0,192506,11.1498,,S
888,0,1,"Smith, Mr. Albert",male,28.9,1,0,93866,76.3471,,S
889,1,1,"Clark, Mrs. Anna",female,,0,1,726631,34.3897,G110,Q
890,0,2,"Wilson, Mr. Thomas",male,23.2,0,5,72726,41.2353,,C
891,0,3,"Anderson, Mrs. Margaret",female,20.5,0,3,877333,34.7198,,C
